{"cameraMode":{"drawMode":0,"name":"Shaded","section":"Shading Mode"},"sceneLighting":true,"audioPlay":false,"sceneViewState":{"m_AlwaysRefresh":false,"showFog":true,"showSkybox":true,"showFlares":true,"showImageEffects":true,"showParticleSystems":true,"showVisualEffectGraphs":true,"m_FxEnabled":true},"in2DMode":false,"pivot":{"x":0.13720200955867768,"y":0.5236433148384094,"z":-0.09855807572603226},"rotation":{"x":-0.07157345116138458,"y":0.9124212861061096,"z":-0.35970500111579897,"w":-0.18155163526535035},"size":0.6943745613098145,"orthographic":false}