{"cameraMode":{"drawMode":0,"name":"Shaded","section":"Shading Mode"},"sceneLighting":true,"audioPlay":false,"sceneViewState":{"m_AlwaysRefresh":false,"showFog":true,"showSkybox":true,"showFlares":true,"showImageEffects":true,"showParticleSystems":true,"showVisualEffectGraphs":true,"m_FxEnabled":true},"in2DMode":false,"pivot":{"x":0.9304019212722778,"y":2.584260940551758,"z":-4.558763027191162},"rotation":{"x":-0.19527654349803925,"y":0.15101014077663423,"z":-0.030440660193562509,"w":-0.9685353636741638},"size":0.26031675934791567,"orthographic":false}